scene_id,start_time,end_time,source_type,flashcard_word,custom_image_path,image_prompt,reason,subtitle_reference
1,0,20,AI,,,"Two podcast hosts, a man and a woman, talking enthusiastically into microphones in a cozy, modern recording studio, books and soundproofing panels in the background, aspect ratio 16:9, cinematic wide shot",開場閒聊,"[0:00:00-->0:00:00.320000] 哈囉, | [0:00:00.560000-->0:00:00.880000] 大家好, | [0:00:01.040000-->0:00:01.940000] 我是John。 | [0:00:02.520000-->0:00:02.540000] 大家好, | [0:00:02.800000-->0:00:03.560000] 我是Mary。 | [0:00:03.820000-->0:00:06.800000] 歡迎來到《會考英文隨身聽》2000單 | [0:00:06.800000-->0:00:08.820000] 攻略展第四集。 | [0:00:09.020000-->0:00:09.600000] 你知道嗎? | [0:00:09.680000-->0:00:11.820000] 每次看到那種密密麻麻, | [0:00:12.400000-->0:00:15.900000] 就是從A一路排到Z的英文單字表的時候, | [0:00:16.280000-->0:00:19.240000] 我常常會有一種在看什麼《陌生人點名簿 | [0:00:19.240000-->0:00:19.920000] 》的錯覺。"
2,20,56,AI,,,"A person looking overwhelmed at a massive, crowded party, with countless strangers wearing name tags, a visual metaphor for a dense vocabulary list, aspect ratio 16:9, cinematic wide shot",主持人用派對比喻背單字的困難,"[0:00:20.660000-->0:00:21.100000] 真的! | [0:00:21.640000-->0:00:23.440000] 那個感覺非常真實, | [0:00:23.560000-->0:00:26.320000] 其實就像是你走進一個超大型的派對, | [0:00:26.460000-->0:00:27.860000] 然後滿屋子都是人, | [0:00:27.860000-->0:00:30.240000] 每個人身上都貼著名牌, | [0:00:30.500000-->0:00:32.400000] 可是你一個名字都記不住。 | [0:00:32.740000-->0:00:32.980000] 對, | [0:00:33.320000-->0:00:35.460000] 就是那種每個字拆開來看, | [0:00:35.600000-->0:00:36.940000] 明明都是英文字母, | [0:00:37.100000-->0:00:39.120000] 但全部擠在同一頁的時候, | [0:00:39.420000-->0:00:41.100000] 大腦就會直接當機, | [0:00:41.240000-->0:00:41.740000] 覺得哇, | [0:00:41.860000-->0:00:43.960000] 這些字跟我到底有什麼關係啊。 | [0:00:44.200000-->0:00:44.580000] 沒錯, | [0:00:44.680000-->0:00:45.080000] 沒錯。 | [0:00:45.520000-->0:00:48.440000] 因為我們的大腦天生就非常討厭去記那種 | [0:00:48.440000-->0:00:50.800000] 毫無邏輯關聯的孤立資訊嘛, | [0:00:51.220000-->0:00:53.060000] 那種死背單字本的感覺, | [0:00:53.400000-->0:00:55.840000] 真的會讓人很想立靠轉身回家。"
3,56,144,AI,,,"A visual representation of a brain with puzzle pieces clicking into place, glowing lines connecting different concepts, representing the podcast's goal of finding hidden language codes, aspect ratio 16:9, cinematic wide shot",主持人介紹本集節目目標,"[0:00:56.040000-->0:00:56.700000] 絕對會。 | [0:00:56.700000-->0:00:59.320000] 但如果這時候剛好有人走過來, | [0:00:59.820000-->0:01:01.800000] 不但跟你介紹這些人的名字, | [0:01:01.940000-->0:01:04.200000] 還告訴你他們私底下的八卦, | [0:01:04.420000-->0:01:06.620000] 或是他們祖先以前是做什麼的, | [0:01:06.660000-->0:01:10.460000] 甚至跟你說他們其實有雙重身份。 | [0:01:10.680000-->0:01:11] 哇, | [0:01:11.380000-->0:01:12.480000] 那突然之間, | [0:01:12.680000-->0:01:14.400000] 這個本來很無聊的派對, | [0:01:14.640000-->0:01:17.500000] 就變成了一場超有趣的解謎遊戲了耶。 | [0:01:17.780000-->0:01:18.220000] 沒錯, | [0:01:18.560000-->0:01:22.640000] 而這就是我們今天在這場深度探索中要帶 | [0:01:22.640000-->0:01:23.660000] 給你的體驗了。 | [0:01:23.860000-->0:01:25.180000] 這十幾分鐘的節目, | [0:01:25.400000-->0:01:26.680000] 你完全不需要拿筆記, | [0:01:26.680000-->0:01:27.260000] 也不需要拿筆記本, | [0:01:27.440000-->0:01:29.500000] 也不擁有任何背單字的壓力。 | [0:01:29.680000-->0:01:31.580000] 無論你現在是正在搭公車, | [0:01:31.700000-->0:01:32.620000] 準備慢跑, | [0:01:32.920000-->0:01:35.960000] 還是單純坐在書桌前想聽點有趣的東西, | [0:01:36.320000-->0:01:38.400000] 只要把耳朵交給我們就好。 | [0:01:38.540000-->0:01:38.920000] 嗯, | [0:01:39.240000-->0:01:40.540000] 我們今天的任務呢, | [0:01:40.540000-->0:01:43.620000] 是要帶你從一大疊看似毫無關聯的 | [0:01:43.620000-->0:01:44.720000] 核心單字中, | [0:01:44.980000-->0:01:46.660000] 特別是從字母A, | [0:01:46.800000-->0:01:49.260000] 跨越到B的這一群單字裡, | [0:01:49.400000-->0:01:51.840000] 找出隱藏的語言密碼。 | [0:01:51.960000-->0:01:54.580000] 我們不只要告訴你這些字是什麼意思, | [0:01:54.940000-->0:01:56.420000] 更要帶你看透他們 | [0:01:57.140000-->0:01:59.280000] 為什麼會長成這樣。 | [0:01:59.560000-->0:01:59.680000] 對, | [0:01:59.920000-->0:02:00.920000] 當你理解了 | [0:02:00.920000-->0:02:03.840000] 單字背後的造字邏輯跟歷史演變之後, | [0:02:04.180000-->0:02:06.100000] 他們就不再是陌生人了, | [0:02:06.180000-->0:02:07.920000] 而是你大腦裡的老朋友。 | [0:02:08.220000-->0:02:09.600000] 這個承諾聽起來很讚, | [0:02:09.860000-->0:02:13.460000] 那我們就直接切入今天的第一個隱藏密碼, | [0:02:13.700000-->0:02:15.960000] 來聊聊字尾的職位標籤, | [0:02:16.220000-->0:02:19.260000] 還有我們的大腦是怎麼處理未知風險的。 | [0:02:20.260000-->0:02:21.860000] 聽起來有點懸念, | [0:02:22-->0:02:24.060000] 那我先丟出一個常見的字好了,"
4,144,222,FLASHCARD,assistant,C:/Project/CAP_2000_Vocab_Project/workspace/Ep04_0091_0120/04_images/flashcards/assistant.png,"A close-up of a vintage dictionary, a magnifying glass hovering over the word 'etymology', revealing glowing roots and connections to other words, aspect ratio 16:9, cinematic wide shot",主持人過場，準備開始講解第一個單字主題,"[0:02:24.420000-->0:02:25.080000] assistant。 | [0:02:25.500000-->0:02:26.400000] 我們都知道這是明顯的字, | [0:02:26.400000-->0:02:27.040000] 但是名詞, | [0:02:27.260000-->0:02:29.080000] 意思是助理或是助手。 | [0:02:29.360000-->0:02:29.720000] 比如說, | [0:02:29.960000-->0:02:30.620000] 在職場上, | [0:02:30.700000-->0:02:31.600000] 我們常常會說, | [0:02:34.700000-->0:02:37.020000] 我的助理幫我處理許多任務。 | [0:02:37.240000-->0:02:38.360000] 但我一直很好奇, | [0:02:38.500000-->0:02:39.800000] 為什麼是這個字啊? | [0:02:39.820000-->0:02:42.820000] 這就是英文造字邏輯最迷人的地方了。 | [0:02:43.080000-->0:02:45.680000] 你仔細看assistant這個字喔, | [0:02:45.760000-->0:02:47.620000] 它的字尾是ant, | [0:02:47.960000-->0:02:48.160000] 對吧? | [0:02:48.420000-->0:02:48.780000] 嗯, | [0:02:48.860000-->0:02:49.240000] 對, | [0:02:49.320000-->0:02:49.860000] ant。 | [0:02:50.060000-->0:02:52.240000] 在英文的字尾法則裡面, | [0:02:53.200000-->0:02:55.120000] ant或者是ent, | [0:02:55.120000-->0:02:59.420000] 就像是一個人類的職位標籤, | [0:02:59.420000-->0:03:02.060000] 它的核心動詞其實是assist, | [0:03:02.260000-->0:03:03.720000] 也就是協助的意思。 | [0:03:03.860000-->0:03:04.580000] 原來如此。 | [0:03:04.860000-->0:03:05.060000] 對, | [0:03:05.060000-->0:03:07.040000] 所以當你在一個動作後面, | [0:03:07.260000-->0:03:08.440000] 加上ant, | [0:03:08.900000-->0:03:11.680000] 它就瞬間從一個抽象的動作, | [0:03:11.920000-->0:03:14.760000] 變成了一個執行這個動作的人。 | [0:03:15.060000-->0:03:15.380000] 哇, | [0:03:15.380000-->0:03:18.180000] 所以我就像是在給assist這個協助 | [0:03:18.180000-->0:03:19.060000] 的動作, | [0:03:19.240000-->0:03:21.100000] 發了一張員工證一樣。 | [0:03:21.540000-->0:03:23.060000] 加上ant之後, | [0:03:23.300000-->0:03:25.100000] 它就變成了一個活生生體, | [0:03:25.100000-->0:03:26.460000] 提供協助的人, | [0:03:26.800000-->0:03:27.880000] 也就是助理了。 | [0:03:28.040000-->0:03:28.680000] 沒錯沒錯, | [0:03:28.900000-->0:03:32.020000] 這種模組化的概念真的很聰明吧? | [0:03:32.220000-->0:03:33.560000] 超聰明的耶。 | [0:03:33.680000-->0:03:34.720000] 不過說到職場, | [0:03:35.040000-->0:03:35.980000] 或者團隊合作, | [0:03:36.400000-->0:03:37.780000] 有助理雖然很好, | [0:03:38.180000-->0:03:39.720000] 但人類在處理事情的時候, | [0:03:40.060000-->0:03:42.720000] 最常犯的錯誤就是自作聰明。"
5,222,227,FLASHCARD,assume,C:/Project/CAP_2000_Vocab_Project/workspace/Ep04_0091_0120/04_images/flashcards/assume.png,,主持人提到並開始解釋單字 assistant,[0:03:43.040000-->0:03:45.700000] 這時候我們就會遇到一個常常讓了 | [0:03:45.700000-->0:03:47.020000] 栽根頭的動詞了。
6,227,271,FLASHCARD,assume,C:/Project/CAP_2000_Vocab_Project/workspace/Ep04_0091_0120/04_images/flashcards/assume.png,,主持人提到並開始解釋單字 assume,"[0:03:47.100000-->0:03:47.300000] 蛤, | [0:03:47.340000-->0:03:49.120000] 你說的一定是assume, | [0:03:49.320000-->0:03:49.960000] 動詞, | [0:03:50.260000-->0:03:50.740000] 假設, | [0:03:50.980000-->0:03:51.660000] 認為的意思。 | [0:03:51.660000-->0:03:52.180000] 對。 | [0:03:52.600000-->0:03:54.080000] 在英文的溝通文化裡面, | [0:03:54.220000-->0:03:56.480000] 有一句非常經典的話哦。 | [0:03:59.680000-->0:04:01.340000] 不要假設任何事, | [0:04:01.400000-->0:04:02.060000] 直接問。 | [0:04:02.360000-->0:04:04.020000] 為什麼assume這個字 | [0:04:04.020000-->0:04:06.020000] 感覺常常帶有一種 | [0:04:06.020000-->0:04:08.220000] 有點危險的含義啊? | [0:04:08.440000-->0:04:09.760000] 它跟單純的 | [0:04:09.760000-->0:04:10.660000] 覺得有什麼不一樣? | [0:04:10.860000-->0:04:12.960000] 這個我們就要從字根來看啦。 | [0:04:13.380000-->0:04:15.540000] assume其實源自於拉丁文, | [0:04:15.820000-->0:04:17.720000] 它的字首ad有 | [0:04:17.720000-->0:04:18.220000] 去, | [0:04:18.420000-->0:04:19.360000] 前往的意思。 | [0:04:19.360000-->0:04:21.360000] 然後後面的sume是 | [0:04:22.020000-->0:04:22.660000] 拿取。 | [0:04:24.020000-->0:04:26.140000] 所以assume字面上的畫面是 | [0:04:26.140000-->0:04:28.780000] 在沒有確實的證據之前, | [0:04:28.880000-->0:04:30.460000] 你就先把它拿過來 | [0:04:30.460000-->0:04:31.680000] 當作真相。"
7,271,303,FLASHCARD,bad,C:/Project/CAP_2000_Vocab_Project/workspace/Ep04_0091_0120/04_images/flashcards/bad.png,,主持人在 assume 的例子中提到並解釋單字 bad,"[0:04:31.920000-->0:04:32.640000] 你想想看, | [0:04:32.760000-->0:04:33.440000] 在沒有看 | [0:04:33.440000-->0:04:35.400000] 清狀況前就先抓過來。 | [0:04:35.740000-->0:04:37.560000] 這是不是很容易引發 | [0:04:37.560000-->0:04:38.100000] 災難? | [0:04:38.340000-->0:04:39.900000] 這解釋太生動了吧, | [0:04:40.160000-->0:04:41.320000] 還沒看清楚就先 | [0:04:41.320000-->0:04:41.980000] 拿過來。 | [0:04:42.380000-->0:04:44.220000] 難怪如果我們隨便assume | [0:04:44.220000-->0:04:45.340000] 常常會鬧出 | [0:04:45.340000-->0:04:46.040000] 大烏龍, | [0:04:46.300000-->0:04:47.720000] 導致一個非常bad | [0:04:47.720000-->0:04:50.140000] 形容是壞的不好的結果。 | [0:04:50.920000-->0:04:52.440000] 比如你以為開會是明天, | [0:04:52.680000-->0:04:53.680000] 結果其實是今天, | [0:04:54.080000-->0:04:55.640000] 你真的只能苦笑說 | [0:04:55.640000-->0:04:57.780000] thatwasareallybadidea。 | [0:04:58.080000-->0:04:59.740000] 那真是個很糟的主意。 | [0:04:59.980000-->0:05:00.300000] 真的, | [0:05:00.380000-->0:05:01.820000] 那為了避免這種bad | [0:05:01.820000-->0:05:02.900000] idea發生,"
8,303,332,FLASHCARD,attention,C:/Project/CAP_2000_Vocab_Project/workspace/Ep04_0091_0120/04_images/flashcards/attention.png,,主持人提到並開始解釋單字 attention,"[0:05:03.160000-->0:05:04.100000] 我們大腦的 | [0:05:04.100000-->0:05:06.060000] 防疫迷跡這時候就會啟動了。 | [0:05:06.320000-->0:05:07.780000] 這時候你需要的就是 | [0:05:07.780000-->0:05:08.680000] attention, | [0:05:08.920000-->0:05:09.420000] 名詞, | [0:05:09.800000-->0:05:10.020000] 注意 | [0:05:10.020000-->0:05:11.180000] 或者是注意力。 | [0:05:11.440000-->0:05:11.720000] 哦, | [0:05:11.720000-->0:05:11.920000] 難怪 | [0:05:11.920000-->0:05:14.020000] 我們從小到大最常聽到的指令 | [0:05:14.020000-->0:05:15.860000] 就是pleasepayattention | [0:05:15.860000-->0:05:16.860000] totheinstructions, | [0:05:17.280000-->0:05:18.540000] 請注意聽指示。 | [0:05:18.920000-->0:05:20.060000] 完全正確。 | [0:05:20.460000-->0:05:22.280000] 這裡我有個有趣的聯想耶。 | [0:05:22.680000-->0:05:24.020000] 英文說payattention, | [0:05:24.300000-->0:05:25.980000] 把注意力當作是一種可以 | [0:05:25.980000-->0:05:27.780000] 支付就是pay的貨幣。 | [0:05:28.120000-->0:05:29.940000] 這是不是代表我們的專注力 | [0:05:29.940000-->0:05:32.320000] 是非常有限而且珍貴的資源啊?"
9,332,356,FLASHCARD,avoid,C:/Project/CAP_2000_Vocab_Project/workspace/Ep04_0091_0120/04_images/flashcards/avoid.png,,主持人提到並開始解釋單字 avoid,"[0:05:32.480000-->0:05:33.360000] 沒錯耶, | [0:05:33.540000-->0:05:34.320000] 其實認知 | [0:05:34.320000-->0:05:36.320000] 心理學也是這麼認為的喔。 | [0:05:36.640000-->0:05:38.260000] 因為你的資源有限, | [0:05:38.480000-->0:05:40.760000] 所以你必須學會avoid | [0:05:40.760000-->0:05:41.520000] 動詞, | [0:05:41.620000-->0:05:42.720000] 也就是避免。 | [0:05:43.120000-->0:05:43.800000] 比如說 | [0:05:43.800000-->0:05:45.620000] trytoavoidcrowdedplaces, | [0:05:45.860000-->0:05:47.580000] 盡量避免擁擠的地方。 | [0:05:47.720000-->0:05:47.860000] 對, | [0:05:48.120000-->0:05:49.700000] 其實avoid是一種 | [0:05:49.700000-->0:05:51.520000] 主動的閃避行為, | [0:05:51.700000-->0:05:53.600000] 它不是被動地等待喔, | [0:05:53.800000-->0:05:55.760000] 而是你遇見了可能會有 | [0:05:55.760000-->0:05:56.280000] attack,"
10,356,369,FLASHCARD,attack,C:/Project/CAP_2000_Vocab_Project/workspace/Ep04_0091_0120/04_images/flashcards/attack.png,,主持人提到並開始解釋單字 attack,"[0:05:56.580000-->0:05:57.100000] 名詞, | [0:05:57.400000-->0:05:58.100000] 攻擊, | [0:05:58.340000-->0:05:58.920000] 襲擊, | [0:05:59.080000-->0:06:00.020000] 所以你提前 | [0:06:00.020000-->0:06:00.760000] 避開了。 | [0:06:00.880000-->0:06:01.240000] 啊, | [0:06:01.240000-->0:06:01.780000] 像電影 | [0:06:01.780000-->0:06:02.760000] 搶眼的那樣, | [0:06:02.920000-->0:06:03.620000] theenemylaunched | [0:06:03.620000-->0:06:04.700000] asurpriseattack, | [0:06:05.180000-->0:06:05.940000] 敵人發動了 | [0:06:05.940000-->0:06:06.960000] 一次突襲, | [0:06:07.040000-->0:06:07.880000] 如果沒有提前 | [0:06:07.880000-->0:06:08.340000] avoid, | [0:06:08.460000-->0:06:09.600000] 就會受到傷害了。"
11,369,419,FLASHCARD,available,C:/Project/CAP_2000_Vocab_Project/workspace/Ep04_0091_0120/04_images/flashcards/available.png,,主持人提到並開始解釋單字 available,"[0:06:09.840000-->0:06:10.280000] 真的。 | [0:06:10.680000-->0:06:11.020000] 哇, | [0:06:11.400000-->0:06:11.880000] 所以你看 | [0:06:11.880000-->0:06:13.100000] 從assistant, | [0:06:13.320000-->0:06:13.840000] 助理, | [0:06:14-->0:06:14.200000] 到 | [0:06:14.200000-->0:06:14.720000] assign, | [0:06:14.940000-->0:06:16.040000] 錯誤的假設, | [0:06:16.220000-->0:06:17.520000] 再到主動avoid, | [0:06:17.720000-->0:06:17.980000] 避免 | [0:06:17.980000-->0:06:18.700000] 危險, | [0:06:18.760000-->0:06:19.980000] 這其實根本反映了 | [0:06:19.980000-->0:06:21.900000] 人類在面對任務和風險時的 | [0:06:21.900000-->0:06:23.680000] 一整靠生存邏輯嗎? | [0:06:23.760000-->0:06:24.720000] 沒錯沒錯, | [0:06:25.080000-->0:06:26.160000] 而且要能成功 | [0:06:26.160000-->0:06:27.280000] 避開風險, | [0:06:27.380000-->0:06:27.980000] 我們還得 | [0:06:27.980000-->0:06:29.800000] 隨時確認手邊的資源 | [0:06:29.800000-->0:06:30.720000] 到底夠不夠,|[0:06:31.060000-->0:06:31.940000] 這時候就要看 | [0:06:31.940000-->0:06:34.160000] 資源是不是available了。 | [0:06:34.480000-->0:06:34.880000] 對, | [0:06:34.880000-->0:06:36.260000] available這個形容詞 | [0:06:36.260000-->0:06:38] 意思是可用的或是 | [0:06:38-->0:06:38.660000] 有空的, | [0:06:38.840000-->0:06:39.880000] 這真的是英文裡面 | [0:06:39.880000-->0:06:41.160000] 超級強大的一個字。 | [0:06:41.560000-->0:06:41.860000] 真的 | [0:06:41.860000-->0:06:42.700000] 超好用, | [0:06:42.840000-->0:06:44.460000] 它可以用在物品上, | [0:06:44.680000-->0:06:46.320000] 比如你去店裡問店員 | [0:06:46.320000-->0:06:48.020000] Isthisitemstillavailable? | [0:06:48.720000-->0:06:50.240000] 這項物品還有貨嗎? | [0:06:50.360000-->0:06:50.700000] 嗯, | [0:06:50.920000-->0:06:52.180000] 它也可以用在人身上 | [0:06:52.180000-->0:06:52.560000] 對吧? | [0:06:52.840000-->0:06:54] 問對方現在有沒有 | [0:06:54-->0:06:54.360000] 空, | [0:06:54.660000-->0:06:55.980000] 它的核心概念就是 | [0:06:55.980000-->0:06:58.160000] 能夠被你觸及並產生價值 | [0:06:58.160000-->0:06:58.800000] 的狀態。 | [0:06:59-->0:06:59.440000] 沒錯,"
12,419,445,AI,,,"A stylized animation of a compass and a calendar blending together, representing the theme of language defining time and space, aspect ratio 16:9, cinematic wide shot",主持人過場，準備開始講解第二個主題," | [0:06:59.820000-->0:07:00.020000] 這種 | [0:07:00.020000-->0:07:02.320000] 把單字跟我們大腦的行為模式 | [0:07:02.320000-->0:07:03.800000] 串在一起的方法, | [0:07:03.880000-->0:07:04.120000] 真的 | [0:07:04.120000-->0:07:06.660000] 比死背字典有趣太多了。 | [0:07:06.880000-->0:07:07.080000] 對啊。 | [0:07:07.420000-->0:07:07.660000] 好, | [0:07:07.800000-->0:07:08.020000] 那我們 | [0:07:08.020000-->0:07:10.900000] 接下來把這個緊繃的生存雷達稍微關掉一下 | [0:07:10.900000-->0:07:13.140000] 來聊聊今天第二個隱藏密碼 | [0:07:13.140000-->0:07:14.720000] 語言是如何幫我們定位 | [0:07:14.720000-->0:07:16.340000] 時間與空間的。 | [0:07:16.440000-->0:07:18.280000] 這部分我覺得超級浪漫的耶。 | [0:07:18.380000-->0:07:19.120000] 我也覺得, | [0:07:19.380000-->0:07:20.620000] 語言確實是人類 | [0:07:20.620000-->0:07:22.260000] 用來測量世界的尺。 | [0:07:22.580000-->0:07:24.280000] 我們先從時間的推移 | [0:07:24.280000-->0:07:25.100000] 來看好了。"
13,445,465,FLASHCARD,August,C:/Project/CAP_2000_Vocab_Project/workspace/Ep04_0091_0120/04_images/flashcards/August.png,,主持人提到並開始解釋單字 August,"[0:07:25.560000-->0:07:26.440000] 一年之中 | [0:07:26.440000-->0:07:28.780000] 時間感最明顯變化的時候 | [0:07:28.780000-->0:07:30.840000] 往往是從August | [0:07:30.840000-->0:07:31.540000] 名詞, | [0:07:31.680000-->0:07:32.500000] 也就是八月 | [0:07:32.500000-->0:07:33.200000] 開始的。 | [0:07:33.360000-->0:07:33.640000] 沒錯, | [0:07:33.760000-->0:07:34.440000] 像我們常常 | [0:07:34.440000-->0:07:34.920000] 會說, | [0:07:35.160000-->0:07:37] mybirthdayisinAugust | [0:07:37-->0:07:38.900000] 我的生日在八月。 | [0:07:39.120000-->0:07:40.160000] 而過了八月之後, | [0:07:40.240000-->0:07:41.220000] 天氣開始轉 | [0:07:41.220000-->0:07:41.380000] 涼, | [0:07:41.540000-->0:07:43] 我們就進入了Autumn | [0:07:43-->0:07:43.600000] 名詞, | [0:07:43.720000-->0:07:44.620000] 秋天。"
14,465,506,FLASHCARD,autumn,C:/Project/CAP_2000_Vocab_Project/workspace/Ep04_0091_0120/04_images/flashcards/autumn.png,,主持人提到並開始解釋單字 autumn，並與 August 連結,"[0:07:49.220000-->0:07:51.260000] 這裡我就要發揮一下我的觀察力 | [0:07:51.260000-->0:07:51.600000] 囉。 | [0:07:51.900000-->0:07:53.100000] 我發現August | [0:07:53.100000-->0:07:55] 和Autumn這兩個字 | [0:07:55-->0:07:57] 他們的開頭居然都是AU。 | [0:07:57.560000-->0:07:58.620000] 這只是巧合嗎? | [0:07:58.620000-->0:07:59.260000] 還是說 | [0:07:59.260000-->0:08:01.360000] 這也是一種記憶的駭客技巧? | [0:08:01.760000-->0:08:02.120000] 嗯, | [0:08:02.400000-->0:08:03.180000] 雖然從 | [0:08:03.180000-->0:08:04.280000] 字元數上來說, | [0:08:04.400000-->0:08:05.080000] 他們的來源 | [0:08:05.080000-->0:08:06.180000] 是不同的, | [0:08:06.280000-->0:08:07.500000] 但是從認知記憶的 | [0:08:07.500000-->0:08:08.220000] 角度來看, | [0:08:08.400000-->0:08:09.380000] 這絕對是一個 | [0:08:09.380000-->0:08:11.240000] 絕佳的視覺與聽覺 | [0:08:11.240000-->0:08:12.020000] 綁定法。 | [0:08:12.320000-->0:08:12.780000] 怎麼說? | [0:08:12.960000-->0:08:15.240000] 因為大腦喜歡尋找模式啊 | [0:08:15.240000-->0:08:17.120000] 當你把這兩個開頭都是AU | [0:08:17.120000-->0:08:18.260000] 的字放在一起, | [0:08:18.540000-->0:08:19.140000] 想像一幅 | [0:08:19.140000-->0:08:20.780000] 八月的秋天的畫面, | [0:08:20.960000-->0:08:21.320000] 你不覺得 | [0:08:21.320000-->0:08:23.340000] 你就把孤立的單字變成了 | [0:08:23.340000-->0:08:25.320000] 一個有邏輯的記憶群組 | [0:08:25.320000-->0:08:25.720000] 了嗎?"
15,506,523,FLASHCARD,aunt,C:/Project/CAP_2000_Vocab_Project/workspace/Ep04_0091_0120/04_images/flashcards/aunt.png,,主持人提到並開始解釋單字 aunt,"[0:08:26-->0:08:26.280000] 對, | [0:08:26.620000-->0:08:27.680000] 八月的秋天 | [0:08:27.680000-->0:08:29.400000] 這畫面感很舒服耶 | [0:08:29.400000-->0:08:31.320000] 而且在這個舒服的季節裡 | [0:08:31.320000-->0:08:33.240000] 空間裡的互動也會變多 | [0:08:33.240000-->0:08:35.040000] 家人常常會聚在一起 | [0:08:35.040000-->0:08:38.020000] 這時候家裡就會出現各種親戚了 | [0:08:38.020000-->0:08:38.380000] 沒錯, | [0:08:38.800000-->0:08:39.640000] 像是媽媽的 | [0:08:39.640000-->0:08:40.300000] 姐妹啊, | [0:08:40.300000-->0:08:41.720000] 或是爸爸的姐妹 | [0:08:41.720000-->0:08:43.220000] 英文裡統稱就是"
16,523,555,FLASHCARD,baby,C:/Project/CAP_2000_Vocab_Project/workspace/Ep04_0091_0120/04_images/flashcards/baby.png,,主持人提到並開始解釋單字 baby,"[0:08:43.220000-->0:08:43.820000] Aunt, | [0:08:44.040000-->0:08:44.940000] 名詞阿姨、 | [0:08:45.060000-->0:08:45.460000] 姑姑、 | [0:08:45.620000-->0:08:45.960000] 舅媽、 | [0:08:46.180000-->0:08:47.400000] 伯母全包了 | [0:08:47.400000-->0:08:48.640000] 這個超方便的, | [0:08:48.640000-->0:08:49.080000] 比如 | [0:08:49.080000-->0:08:50.900000] Myauntvisiteduslast | [0:08:50.900000-->0:08:51.340000] weekend | [0:08:51.340000-->0:08:53.460000] 我阿姨上週末來看我們 | [0:08:53.460000-->0:08:54.080000] 沒錯, | [0:08:54.420000-->0:08:55.380000] 而且親戚聚會 | [0:08:55.380000-->0:08:55.920000] 的時候, | [0:08:56.180000-->0:08:57.280000] 大家目光的焦點 | [0:08:57.280000-->0:08:59.480000] 通常會集中在最焦想的 | [0:08:59.480000-->0:09:00.240000] 成員身上, | [0:09:00.520000-->0:09:01.480000] 也就是Baby | [0:09:01.480000-->0:09:03.120000] 名詞嬰兒, | [0:09:03.320000-->0:09:03.820000] 你可以想像 | [0:09:03.820000-->0:09:04.940000] 這個畫面喔, | [0:09:04.940000-->0:09:05.420000] Thebaby | [0:09:05.420000-->0:09:06.800000] issleepingsoundlyin | [0:09:06.800000-->0:09:07.240000] thecrib | [0:09:07.240000-->0:09:09.720000] 嬰兒在嬰兒床裡睡得很 | [0:09:09.720000-->0:09:10.400000] 香甜, | [0:09:10.480000-->0:09:10.680000] 哇, | [0:09:10.720000-->0:09:11.680000] 好有畫面 | [0:09:11.680000-->0:09:13.520000] 但照顧嬰兒其實會佔據 | [0:09:13.520000-->0:09:15.900000] 父母極大的空間和時間了"
17,555,570,FLASHCARD,baby sitter,C:/Project/CAP_2000_Vocab_Project/workspace/Ep04_0091_0120/04_images/flashcards/baby_sitter.png,,主持人提到並開始解釋單字 baby sitter,"[0:09:15.900000-->0:09:17.680000] 如果大人需要離開這個空間 | [0:09:17.680000-->0:09:18.900000] 去喘口氣的話, | [0:09:19.200000-->0:09:19.560000] 這時候 | [0:09:19.560000-->0:09:21.880000] 就需要一個代替他們位置的人了 | [0:09:21.880000-->0:09:23.100000] 那就是Babysitter, | [0:09:23.380000-->0:09:23.900000] 名詞 | [0:09:23.900000-->0:09:24.900000] 臨時保姆, | [0:09:25.140000-->0:09:25.400000] 對 | [0:09:25.400000-->0:09:26.860000] Wehiredababysitter | [0:09:26.860000-->0:09:27.640000] fortonight | [0:09:27.640000-->0:09:30.120000] 我們今晚請了個臨時保姆"
18,570,621,FLASHCARD,at,C:/Project/CAP_2000_Vocab_Project/workspace/Ep04_0091_0120/04_images/flashcards/at.png,,主持人提到並開始解釋單字 at,"[0:09:30.120000-->0:09:31.380000] 說到這位保姆啊, | [0:09:31.380000-->0:09:32.120000] 這就帶出了 | [0:09:32.120000-->0:09:34.440000] 我想跟你探討的空間邏輯了 | [0:09:34.440000-->0:09:34.700000] 喔, | [0:09:34.940000-->0:09:36.100000] 什麼空間邏輯 | [0:09:36.100000-->0:09:38.180000] 假設這位保姆現在正 | [0:09:38.180000-->0:09:40.080000] 站在公車站等車 | [0:09:40.080000-->0:09:41.460000] 準備要來我們家, | [0:09:41.740000-->0:09:42.240000] 我們會 | [0:09:42.240000-->0:09:44.140000] 用at這個介系詞 | [0:09:44.140000-->0:09:46.420000] Sheiswaitingatthebus | [0:09:46.420000-->0:09:46.720000] stop | [0:09:46.720000-->0:09:48.200000] 她正在公車站 | [0:09:48.200000-->0:09:48.860000] 等候, | [0:09:49.240000-->0:09:50.340000] 我就好奇了 | [0:09:50.340000-->0:09:51.600000] 為什麼是at, | [0:09:51.780000-->0:09:52.240000] 而不是 | [0:09:52.240000-->0:09:53.980000] in或是on呢 | [0:09:53.980000-->0:09:54.660000] 啊, | [0:09:54.900000-->0:09:56.260000] 這是一個極度 | [0:09:56.260000-->0:09:58.200000] 核心的空間概念喔 | [0:09:58.200000-->0:10:00.080000] 在英文的空間邏輯裡 | [0:10:00.080000-->0:10:02.400000] at代表的是一個精準的 | [0:10:02.400000-->0:10:02.980000] 坐標點 | [0:10:04.180000-->0:10:04.620000] 對, | [0:10:05.060000-->0:10:06.820000] 當你說atthebusstop | [0:10:06.820000-->0:10:07.440000] 的時候, | [0:10:07.820000-->0:10:08.360000] 你不是在 | [0:10:08.360000-->0:10:10.360000] 強調她站在公車站停的 | [0:10:10.360000-->0:10:10.740000] 裡面, | [0:10:10.900000-->0:10:11.800000] 也就是in, | [0:10:11.960000-->0:10:12.240000] 或是 | [0:10:12.240000-->0:10:14.320000] 她站在公車站的屋頂上 | [0:10:14.320000-->0:10:15.060000] 那個是on, | [0:10:15.320000-->0:10:16.340000] 你其實是在 | [0:10:16.340000-->0:10:18.420000] 大腦的地圖上擦下了一個 | [0:10:18.420000-->0:10:19.140000] 大頭針, | [0:10:19.400000-->0:10:20.540000] 標示出她的精確 | [0:10:20.540000-->0:10:21.020000] 位置。"
19,621,658,FLASHCARD,away,C:/Project/CAP_2000_Vocab_Project/workspace/Ep04_0091_0120/04_images/flashcards/away.png,,主持人提到並開始解釋單字 away,"[0:10:21.040000-->0:10:21.320000] 哇, | [0:10:21.500000-->0:10:22.280000] 地圖上的 | [0:10:22.280000-->0:10:23.060000] 大頭針, | [0:10:23.220000-->0:10:24.320000] 這個比喻太精準 | [0:10:24.320000-->0:10:24.960000] 了啦, | [0:10:25.040000-->0:10:26.580000] 那如果她到了家裡 | [0:10:26.580000-->0:10:28.900000] 看到滿地都是小朋友的積木 | [0:10:28.900000-->0:10:30.500000] 她請小朋友把玩具 | [0:10:30.500000-->0:10:31.580000] 收起來, | [0:10:31.880000-->0:10:32.760000] 我們會說 | [0:10:32.760000-->0:10:34.760000] Pleaseputyourtoysaway | [0:10:34.760000-->0:10:35.300000] now | [0:10:35.300000-->0:10:36.540000] 請現在把你的 | [0:10:36.540000-->0:10:37.720000] 玩具收好。 | [0:10:38.120000-->0:10:38.760000] 這裡用到的 | [0:10:38.760000-->0:10:40.720000] away又是什麼空間概念 | [0:10:40.720000-->0:10:42.840000] Away是一個附詞 | [0:10:42.840000-->0:10:44.580000] 意思是離開或者 | [0:10:44.580000-->0:10:45.360000] 不在。 | [0:10:45.720000-->0:10:46.660000] 它的空間邏輯 | [0:10:46.660000-->0:10:48.620000] 是從現在的這個 | [0:10:48.620000-->0:10:50.460000] 坐標點往外移除 | [0:10:50.460000-->0:10:52.380000] 所以putthemaway | [0:10:52.380000-->0:10:53.780000] 字面上的意思就是, | [0:10:54.320000-->0:10:54.700000] 把他們 | [0:10:54.700000-->0:10:57.240000] 從我們現在的視覺中心 | [0:10:57.240000-->0:10:57.860000] 移走。"
20,658,683,FLASHCARD,back,C:/Project/CAP_2000_Vocab_Project/workspace/Ep04_0091_0120/04_images/flashcards/back.png,,主持人提到並解釋單字 back 作為名詞「背部」,"[0:10:58.280000-->0:10:59.020000] 完全正確 | [0:10:59.020000-->0:10:59.660000] 懂了, | [0:10:59.740000-->0:11:00.940000] at是標定 | [0:11:00.940000-->0:11:01.520000] 位置, | [0:11:01.720000-->0:11:02.820000] away是移出 | [0:11:02.820000-->0:11:03.560000] 位置。 | [0:11:03.720000-->0:11:04.620000] 那如果移出 | [0:11:04.620000-->0:11:05.480000] 位置的時候, | [0:11:05.820000-->0:11:06.980000] 小朋友彎腰不小心 | [0:11:06.980000-->0:11:07.700000] 閃到背, | [0:11:08.060000-->0:11:08.880000] 我們就會用到 | [0:11:08.880000-->0:11:10.260000] back這個字了。 | [0:11:10.460000-->0:11:10.780000] 這字 | [0:11:10.780000-->0:11:11.720000] 其實很有趣耶, | [0:11:11.720000-->0:11:12.760000] 因為我知道它有很多 | [0:11:12.760000-->0:11:13.320000] 種意思。 | [0:11:14.400000-->0:11:14.820000] 首先 | [0:11:14.820000-->0:11:15.780000] 作為名詞, | [0:11:15.940000-->0:11:16.880000] 它是背部的 | [0:11:16.880000-->0:11:17.160000] 意思。 | [0:11:17.480000-->0:11:18.240000] 比如說, | [0:11:18.320000-->0:11:18.820000] myback | [0:11:18.820000-->0:11:20.220000] hurtsaftergardening | [0:11:20.220000-->0:11:22.680000] 我原意工作後背部很痛 | [0:11:22.680000-->0:11:23.140000] 沒錯。"
21,683,755,FLASHCARD,back,C:/Project/CAP_2000_Vocab_Project/workspace/Ep04_0091_0120/04_images/flashcards/back.png,,主持人解釋單字 back 作為副詞「回來、向後」，並解釋其字源,"[0:11:23.680000-->0:11:24.960000] 但更精彩的其實是 | [0:11:24.960000-->0:11:26.500000] 它作為附詞的時候 | [0:11:26.500000-->0:11:29.100000] 它的意思是回來或是向後 | [0:11:29.100000-->0:11:30.880000] 比如大家最常聽到的那句 | [0:11:30.880000-->0:11:31.880000] 經典台詞, | [0:11:32.260000-->0:11:32.880000] Iwillbe | [0:11:32.880000-->0:11:34.260000] backinfiveminutes | [0:11:34.260000-->0:11:35.960000] 我五分鐘後就回來。 | [0:11:36.260000-->0:11:36.400000] 是的。 | [0:11:36.520000-->0:11:36.840000] 這就是 | [0:11:36.840000-->0:11:37.940000] 我想問的。 | [0:11:38.060000-->0:11:38.840000] 為什麼背部 | [0:11:38.840000-->0:11:41.120000] 這個身體器官會跟回來 | [0:11:41.120000-->0:11:43.440000] 或是向後這個空間方向 | [0:11:43.440000-->0:11:45.420000] 共用同一個字啊 | [0:11:45.420000-->0:11:47.280000] 這兩者之間真的有關連嗎 | [0:11:47.280000-->0:11:48.560000] 當然有啊, | [0:11:48.680000-->0:11:48.800000] 而且 | [0:11:48.800000-->0:11:51.100000] 這牽涉到人類語言發展最底層 | [0:11:51.100000-->0:11:51.940000] 的邏輯喔。 | [0:11:52.120000-->0:11:52.520000] 怎麼說? | [0:11:52.720000-->0:11:53.120000] 就是 | [0:11:53.120000-->0:11:55.100000] 人體就是最初的指南針 | [0:11:55.100000-->0:11:56.940000] 人體是指南針 | [0:11:56.940000-->0:11:57.580000] 對。 | [0:11:58.140000-->0:11:59.080000] 在古代喔 | [0:11:59.080000-->0:12:01.140000] 人類還沒有東南西北的 | [0:12:01.140000-->0:12:01.960000] 概念的時候, | [0:12:02.240000-->0:12:03.360000] 我們都是用自己的 | [0:12:03.360000-->0:12:05.320000] 身體來定義空間的 | [0:12:05.660000-->0:12:07.380000] 我們眼睛看著的地方 | [0:12:07.380000-->0:12:08.620000] 叫前面。 | [0:12:08.720000-->0:12:09.340000] 而我們 | [0:12:09.340000-->0:12:10.520000] 視線死角, | [0:12:10.740000-->0:12:11.620000] 也就是身體的 | [0:12:11.620000-->0:12:12.060000] 後方, | [0:12:12.300000-->0:12:13.740000] 不就是我們的背部 | [0:12:13.740000-->0:12:14.500000] back嗎? | [0:12:14.840000-->0:12:15.240000] 啊 | [0:12:15.240000-->0:12:16.220000] 對耶。 | [0:12:16.540000-->0:12:17.140000] 所以啦 | [0:12:17.140000-->0:12:19.100000] 當你往你背部的方向走 | [0:12:19.100000-->0:12:21.200000] 你就是在向後退 | [0:12:21.200000-->0:12:23.480000] 而當你回到原本出發的 | [0:12:23.480000-->0:12:23.900000] 地方, | [0:12:24.200000-->0:12:25.220000] 通常也是循著你 | [0:12:25.220000-->0:12:27.060000] 背後的原路回去嘛 | [0:12:27.060000-->0:12:29.100000] 這就慢慢演變成了回來 | [0:12:29.100000-->0:12:30.040000] 的意思了。 | [0:12:30.160000-->0:12:31.020000] 我的天啊 | [0:12:31.020000-->0:12:32.900000] 這真的太震撼了吧 | [0:12:32.900000-->0:12:35.360000] 所以當我們說backward"
22,755,766,FLASHCARD,backward,C:/Project/CAP_2000_Vocab_Project/workspace/Ep04_0091_0120/04_images/flashcards/backward.png,,主持人提到並開始解釋單字 backward,"[0:12:35.360000-->0:12:37.240000] 複詞向後地到 | [0:12:37.240000-->0:12:38.040000] 退地, | [0:12:38.300000-->0:12:38.460000] 比如 | [0:12:38.460000-->0:12:40.200000] Don'twalkbackwardon | [0:12:40.200000-->0:12:40.880000] thestairs | [0:12:40.880000-->0:12:42.760000] 不要在樓梯上倒著走 | [0:12:42.760000-->0:12:45.040000] 這其實就是在說朝著你 | [0:12:45.040000-->0:12:46.080000] 背部的方向走。"
23,766,795,AI,,,"A split screen showing two identical words, but each one leading to a completely different visual world, illustrating the concept of dual-meaning words, aspect ratio 16:9, cinematic wide shot",主持人過場，準備開始講解第三個主題,"[0:12:46.340000-->0:12:46.760000] 沒錯 | [0:12:46.760000-->0:12:49.020000] 我們每天都在用的字原來 | [0:12:49.020000-->0:12:51.100000] 裡面藏著人類幾千年來對 | [0:12:51.100000-->0:12:52.980000] 身體和空間的直覺 | [0:12:52.980000-->0:12:53.900000] 對啊。 | [0:12:54.320000-->0:12:54.960000] 所以我常覺得 | [0:12:54.960000-->0:12:56.980000] 語言其實就是人類認知 | [0:12:56.980000-->0:12:58] 的化石。 | [0:12:58-->0:12:59.220000] 這也是為什麼 | [0:12:59.220000-->0:13:00.840000] 當我們不去死背 | [0:13:00.840000-->0:13:03.100000] 而是去理解這些一字多義的 | [0:13:03.100000-->0:13:03.720000] 脈絡時, | [0:13:04.060000-->0:13:05] 你會發現一切 | [0:13:05-->0:13:06.240000] 都非常合理。 | [0:13:06.380000-->0:13:07.120000] 這就完美 | [0:13:07.120000-->0:13:09.180000] 銜接到了我們今天的第三個 | [0:13:09.180000-->0:13:10.260000] 也是最燒腦、 | [0:13:10.520000-->0:13:11.060000] 最迷人 | [0:13:11.060000-->0:13:12.360000] 的隱藏密碼了。 | [0:13:12.420000-->0:13:12.520000] 喔, | [0:13:12.520000-->0:13:12.980000] 你是說 | [0:13:12.980000-->0:13:14.960000] 單字的雙重身分與演變 | [0:13:14.960000-->0:13:15.300000] 對吧?"
24,795,817,FLASHCARD,backpack,C:/Project/CAP_2000_Vocab_Project/workspace/Ep04_0091_0120/04_images/flashcards/backpack.png,,主持人提到並舉例單字 backpack,"[0:13:16.680000-->0:13:17.720000] 英文裡有一種字 | [0:13:17.720000-->0:13:19.260000] 長得一模一樣 | [0:13:19.260000-->0:13:21.160000] 但意思聽起來卻天差 | [0:13:21.160000-->0:13:21.920000] 地遠。 | [0:13:22.160000-->0:13:22.540000] 講到這個, | [0:13:22.620000-->0:13:23.200000] 我一定要提 | [0:13:23.200000-->0:13:25.140000] 這趟看索裡面最經典的 | [0:13:25.140000-->0:13:25.900000] 例子。 | [0:13:26.020000-->0:13:27.160000] 想像一下喔 | [0:13:27.160000-->0:13:28.660000] 我們週末準備出門玩, | [0:13:28.900000-->0:13:29.320000] 把東西 | [0:13:29.320000-->0:13:30.580000] 塞進backpack, | [0:13:30.920000-->0:13:31.300000] 名詞 | [0:13:31.300000-->0:13:32.040000] 背包。 | [0:13:32.520000-->0:13:33.160000] Hecarrieshis | [0:13:33.160000-->0:13:34.480000] booksinabluebackpack, | [0:13:34.900000-->0:13:35.060000] 他 | [0:13:35.060000-->0:13:36.660000] 用藍色背包撞書 | [0:13:36.660000-->0:13:37.460000] 然後呢,"
25,817,902,FLASHCARD,bank,C:/Project/CAP_2000_Vocab_Project/workspace/Ep04_0091_0120/04_images/flashcards/bank.png,,主持人解釋單字 bank 的雙重意思（銀行、河岸）並深入講解其歷史淵源,"[0:13:37.460000-->0:13:38.800000] 出門前要去領錢 | [0:13:38.800000-->0:13:40.060000] 我就要走去bank。 | [0:13:41.260000-->0:13:43.160000] bank作為名詞大家最熟 | [0:13:43.160000-->0:13:44.760000] 的意思就是銀行了。 | [0:13:44.980000-->0:13:45.880000] Ineedtogotothebank | [0:13:45.880000-->0:13:46.260000] today, | [0:13:46.540000-->0:13:47.760000] 我今天需要去銀行 | [0:13:47.760000-->0:13:48.320000] 但是, | [0:13:48.920000-->0:13:50.060000] 如果我領完錢 | [0:13:50.060000-->0:13:51.760000] 走到戶外去散步 | [0:13:51.760000-->0:13:53.940000] bank這個字突然就變形了 | [0:13:53.940000-->0:13:55.720000] 它變成了河岸 | [0:13:55.720000-->0:13:56.700000] 滴岸。 | [0:13:57.040000-->0:13:57.640000] Wewalkedalong | [0:13:57.640000-->0:13:58.460000] theriverbank, | [0:13:58.880000-->0:13:59.880000] 我們沿著河岸 | [0:13:59.880000-->0:14:00.560000] 散步。 | [0:14:00.720000-->0:14:01.400000] 我就問 | [0:14:01.400000-->0:14:03.120000] 這也太不講理了吧? | [0:14:03.320000-->0:14:03.780000] 放錢 | [0:14:03.780000-->0:14:05.820000] 的銀行跟有水草的河岸 | [0:14:05.820000-->0:14:07.700000] 這兩者到底有什麼關係啊? | [0:14:07.780000-->0:14:08.060000] 哈哈, | [0:14:08.440000-->0:14:09.660000] 這個背後的故事其實 | [0:14:09.660000-->0:14:11.080000] 非常迷人喔。 | [0:14:11.160000-->0:14:11.680000] 其實在 | [0:14:11.680000-->0:14:14.180000] 幾百年前的古歐洲根本沒有 | [0:14:14.180000-->0:14:15.960000] 現在這種建築物形態 | [0:14:15.960000-->0:14:16.620000] 的銀行。 | [0:14:17-->0:14:17.920000] 那他們怎麼換錢? | [0:14:18.100000-->0:14:19.780000] 當時的錢莊老闆 | [0:14:19.780000-->0:14:22.360000] 是在市場裡擺一張長凳 | [0:14:22.360000-->0:14:24.020000] 或者是坐在一個微微 | [0:14:24.020000-->0:14:26.960000] 隆起的土堆上跟人家換錢的 | [0:14:26.960000-->0:14:27.840000] 這個長凳 | [0:14:27.840000-->0:14:28.860000] 或土堆, | [0:14:29.120000-->0:14:30.040000] 當時的字根 | [0:14:30.040000-->0:14:31.260000] 就是bank。 | [0:14:31.480000-->0:14:31.780000] 等等 | [0:14:31.780000-->0:14:33.820000] 所以bank最初的意思 | [0:14:33.820000-->0:14:35.680000] 只是微微隆起的地方 | [0:14:35.680000-->0:14:37.280000] 完全正確。 | [0:14:37.300000-->0:14:37.880000] 後來 | [0:14:37.880000-->0:14:39.800000] 在這個長凳上交易金錢 | [0:14:39.800000-->0:14:40.740000] 的行為, | [0:14:40.940000-->0:14:42.220000] 慢慢就演變成了 | [0:14:42.220000-->0:14:43.620000] 現代的金融機構, | [0:14:43.740000-->0:14:44.100000] 也就是 | [0:14:44.100000-->0:14:45.060000] 銀行。 | [0:14:45.180000-->0:14:46.140000] 而河水旁邊 | [0:14:46.140000-->0:14:48.280000] 那種微微隆起擋住水流 | [0:14:48.280000-->0:14:49.040000] 的土堆, | [0:14:49.220000-->0:14:50.380000] 自然就保留了 | [0:14:50.380000-->0:14:52.520000] 它河岸體岸的意思啦。 | [0:14:52.680000-->0:14:53.500000] 哇塞! | [0:14:53.820000-->0:14:54.260000] 對呀, | [0:14:54.280000-->0:14:56] 所以他們根本就是同一個 | [0:14:56-->0:14:56.680000] 祖先, | [0:14:56.840000-->0:14:58.160000] 只是在歷史的洪流 | [0:14:58.160000-->0:14:58.560000] 中, | [0:14:58.700000-->0:15:00.140000] 一個走向了華爾街 | [0:15:00.140000-->0:15:01.800000] 一個留在了大自然。"
26,902,912,AI,,,"A visual timeline showing a simple wooden bench evolving into a modern bank building on one path, and into a natural riverbank on another path, aspect ratio 16:9, cinematic wide shot",主持人總結 bank 的故事並過渡到下一個字,"[0:15:02.180000-->0:15:02.360000] 哇, | [0:15:02.400000-->0:15:04.080000] 這個歷史冷知識太猛了吧 | [0:15:04.080000-->0:15:06.200000] 這真的解開了我多年的疑惑 | [0:15:06.200000-->0:15:07.420000] 既然這樣, | [0:15:07.520000-->0:15:08.140000] 那我再考考 | [0:15:08.140000-->0:15:09.880000] 讓你另一個讓很多學習者 | [0:15:09.880000-->0:15:11.480000] 崩潰的雙胞胎單字。 | [0:15:11.480000-->0:15:11.680000] 好啦, | [0:15:11.840000-->0:15:12.440000] 放馬過來。"
27,912,998,FLASHCARD,band,C:/Project/CAP_2000_Vocab_Project/workspace/Ep04_0091_0120/04_images/flashcards/band.png,,主持人解釋單字 band 的雙重意思（樂團、橡皮筋）並講解其核心概念,"[0:15:12.640000-->0:15:13.420000] 就是band。 | [0:15:14.040000-->0:15:16.140000] 當它指一群人玩音樂的時候 | [0:15:16.140000-->0:15:17.340000] 它是名詞, | [0:15:17.520000-->0:15:18.160000] 樂團。 | [0:15:18.860000-->0:15:20.200000] Myfavoritebandplays | [0:15:20.200000-->0:15:21.060000] greatmusic。 | [0:15:21.540000-->0:15:22.360000] 我最喜歡的 | [0:15:22.360000-->0:15:24.240000] 樂團演奏很棒的音樂。 | [0:15:24.820000-->0:15:26.220000] 但它的另一個分身 | [0:15:26.220000-->0:15:27.460000] 居然是帶子、 | [0:15:27.880000-->0:15:28.280000] 條紋 | [0:15:28.280000-->0:15:29.500000] 或是橡皮筋耶。 | [0:15:30.120000-->0:15:32.020000] 像是shetiedherhair | [0:15:32.020000-->0:15:33] witharubberband, | [0:15:33.280000-->0:15:34.180000] 她用橡皮筋 | [0:15:34.180000-->0:15:35.060000] 綁了頭髮。 | [0:15:35.340000-->0:15:36.180000] 這你總不能說 | [0:15:36.180000-->0:15:37.280000] 他們有關係了吧。 | [0:15:38.080000-->0:15:39.080000] 他們不僅有關係, | [0:15:39.300000-->0:15:40.960000] 而且關係非常密切喔。 | [0:15:41.140000-->0:15:41.640000] 真的假的? | [0:15:41.740000-->0:15:44] Band的核心概念其實是綁在一起、 | [0:15:44.300000-->0:15:45.080000] 連結。 | [0:15:45.260000-->0:15:46.260000] 你想想看 | [0:15:46.260000-->0:15:47.040000] 橡皮筋, | [0:15:47.240000-->0:15:48.360000] rubberband的作用 | [0:15:48.360000-->0:15:48.780000] 是什麼? | [0:15:49.340000-->0:15:50.620000] 是不是把散落的 | [0:15:50.620000-->0:15:52.340000] 頭髮或物品綁在一起? | [0:15:52.860000-->0:15:53.160000] 對, | [0:15:53.360000-->0:15:54.480000] 那是實體的綁。 | [0:15:54.720000-->0:15:55.640000] 那樂團呢? | [0:15:55.740000-->0:15:56.480000] 一個樂團 | [0:15:56.480000-->0:15:58.200000] 就是把一群擁有共同 | [0:15:58.200000-->0:15:59.240000] 音樂理念的人, | [0:15:59.580000-->0:16:00.560000] 用無形的 | [0:16:00.560000-->0:16:02.760000] 默契綁在一起的團體啊。 | [0:16:02.840000-->0:16:03.480000] 我的天。 | [0:16:03.660000-->0:16:04.300000] 所以不管 | [0:16:04.300000-->0:16:06.020000] 是綁頭髮的橡皮筋 | [0:16:06.020000-->0:16:07.700000] 還是搖滾樂團, | [0:16:08-->0:16:08.320000] 他們在 | [0:16:08.320000-->0:16:10.500000] 概念上都是把分散的 | [0:16:10.500000-->0:16:12.420000] 個體連結成一個整體的 | [0:16:12.420000-->0:16:12.760000] band。 | [0:16:13.180000-->0:16:14.660000] 我的大腦在發光了啦。 | [0:16:14.660000-->0:16:15.880000] 這太有詩意了吧。 | [0:16:16.240000-->0:16:16.820000] 橡皮筋 | [0:16:16.820000-->0:16:18.080000] 是物理上的綁定, | [0:16:18.440000-->0:16:20.280000] 樂團是精神上的綁定。 | [0:16:20.480000-->0:16:21.360000] 聽眾朋友們, | [0:16:21.460000-->0:16:22.040000] 現在請你在 | [0:16:22.040000-->0:16:24.100000] 腦海裡想像一個長髮飄逸的 | [0:16:24.100000-->0:16:24.940000] 重金屬樂團, | [0:16:25.160000-->0:16:26.320000] band的主唱。 | [0:16:26.700000-->0:16:27.240000] 哈哈好。 | [0:16:27.500000-->0:16:28.680000] 她剛去完銀行 | [0:16:28.680000-->0:16:30.020000] Bank領錢, | [0:16:30.160000-->0:16:30.380000] 現在 | [0:16:30.380000-->0:16:32.340000] 她走到河岸Bank邊 | [0:16:32.340000-->0:16:33.920000] 然後因為風太大了, | [0:16:34-->0:16:34.520000] 她從口袋 | [0:16:34.520000-->0:16:36.360000] 拿出一條橡皮筋band | [0:16:36.360000-->0:16:37.840000] 把頭髮綁起來。"
28,998,1019,AI,,,"A surreal, humorous scene of a long-haired rockstar from a band standing on a riverbank, using a rubber band to tie their hair in the wind, aspect ratio 16:9, cinematic wide shot",主持人用生動的故事畫面串連 bank 和 band 的多重意思,"[0:16:38.680000-->0:16:40.440000] 這個畫面實在太 | [0:16:40.440000-->0:16:42.260000] 有衝擊力了啦。 | [0:16:42.280000-->0:16:44.340000] 不過透過理解核心概念 | [0:16:44.340000-->0:16:46.500000] 再配上你這個有點荒謬 | [0:16:46.500000-->0:16:48.780000] 但極度生動的畫面 | [0:16:48.780000-->0:16:50.760000] 這四的意思絕對牢牢 | [0:16:50.760000-->0:16:52.500000] 刻在聽眾的大腦了。 | [0:16:52.780000-->0:16:53.180000] 對呀。 | [0:16:53.200000-->0:16:54.640000] 畫面感加上背後 | [0:16:54.640000-->0:16:55.340000] 的為什麼。 | [0:16:55.520000-->0:16:56.540000] 這就是我們 | [0:16:56.540000-->0:16:58.640000] 破解語言密碼的終極 | [0:16:58.640000-->0:16:59.760000] 武器嘛。 | [0:16:59.960000-->0:17:00.300000] 好, | [0:17:00.300000-->0:17:02.340000] 既然我們都走到河岸邊了 | [0:17:02.340000-->0:17:04.580000] 週末的休閒時光我們來聊聊 | [0:17:04.580000-->0:17:06.660000] 那些跟放鬆有關的 | [0:17:06.660000-->0:17:08.360000] B開頭單字吧。"
29,1019,1028,AI,,,"A montage of weekend leisure activities: a shuttlecock flying over a net, a ball bouncing, colorful balloons, all in a sunny park, aspect ratio 16:9, cinematic wide shot",主持人過場，準備介紹一系列 B 開頭的休閒單字,[0:17:08.380000-->0:17:09.080000] 沒問題。 | [0:17:09.560000-->0:17:10.380000] 我們可以來打 | [0:17:10.380000-->0:17:12.400000] 羽毛球Badminton | [0:17:12.400000-->0:17:13.660000] 名詞。 | [0:17:13.980000-->0:17:14.280000] Let'splay | [0:17:14.280000-->0:17:15.640000] Badmintonthisweekend | [0:17:15.640000-->0:17:16.400000] atthepark | [0:17:16.400000-->0:17:18.400000] 我們這週末在公園打 | [0:17:18.400000-->0:17:19.680000] 羽毛球吧。
30,1028,1051,FLASHCARD,badminton,C:/Project/CAP_2000_Vocab_Project/workspace/Ep04_0091_0120/04_images/flashcards/badminton.png,,主持人提到並舉例單字 badminton,"[0:17:20-->0:17:20.480000] 或是 | [0:17:20.480000-->0:17:21.660000] 玩Bowl, | [0:17:21.680000-->0:17:22.380000] 名詞 | [0:17:22.380000-->0:17:22.940000] 球。 | [0:17:23.560000-->0:17:24.360000] Let'splaycatch | [0:17:24.360000-->0:17:25.140000] withthebowl。 | [0:17:25.480000-->0:17:26.360000] 我們來玩丟街 | [0:17:26.360000-->0:17:26.980000] 球吧。 | [0:17:27.720000-->0:17:28.160000] 嗯。 | [0:17:28.400000-->0:17:29.460000] 那如果有小朋友 | [0:17:29.460000-->0:17:30.320000] 在旁邊, | [0:17:30.420000-->0:17:31.260000] 通常還會看到"
31,1051,1059,FLASHCARD,ball,C:/Project/CAP_2000_Vocab_Project/workspace/Ep04_0091_0120/04_images/flashcards/ball.png,,主持人提到並舉例單字 ball,"[0:17:31.260000-->0:17:32.080000] Balloon, | [0:17:32.360000-->0:17:32.880000] 名詞 | [0:17:32.880000-->0:17:34.060000] 氣球對吧。 | [0:17:34.560000-->0:17:35.100000] Thechild | [0:17:35.100000-->0:17:36.560000] heldaredballoon。 | [0:17:36.940000-->0:17:37.340000] 那孩子 | [0:17:37.340000-->0:17:38.880000] 拿著一個紅色氣球。"
32,1059,1071,FLASHCARD,balloon,C:/Project/CAP_2000_Vocab_Project/workspace/Ep04_0091_0120/04_images/flashcards/balloon.png,,主持人提到並舉例單字 balloon,[0:17:39.220000-->0:17:41.500000] 其實Balloon這個字也很有趣 | [0:17:41.500000-->0:17:41.820000] 喔。 | [0:17:42.140000-->0:17:43.140000] 你可以聽到它 | [0:17:43.140000-->0:17:45.180000] 發音裡面有Bowl的聲音 | [0:17:45.180000-->0:17:47.100000] 因為氣球本來就是一種 | [0:17:47.100000-->0:17:48.620000] 會膨脹的球啊。 | [0:17:48.860000-->0:17:49.080000] 對 | [0:17:49.080000-->0:17:50.920000] 真的是處處是玄機。
33,1071,1085,FLASHCARD,banana,C:/Project/CAP_2000_Vocab_Project/workspace/Ep04_0091_0120/04_images/flashcards/banana.png,,主持人提到並舉例單字 banana,"[0:17:51.140000-->0:17:52.580000] 那運動完肚子餓了, | [0:17:52.760000-->0:17:53.220000] 最簡單 | [0:17:53.220000-->0:17:55.340000] 的能量補充就是Banana | [0:17:55.340000-->0:17:57.260000] 名詞香蕉了。 | [0:17:57.520000-->0:17:58.760000] Shepeeledabananafor | [0:17:58.760000-->0:17:59.280000] asnack | [0:17:59.280000-->0:18:01.500000] 她剝了一根香蕉當點心 | [0:18:01.500000-->0:18:03.040000] 但如果嗯 | [0:18:03.040000-->0:18:05.680000] 我想去點剛出爐的甜點呢"
34,1085,1097,FLASHCARD,bake,C:/Project/CAP_2000_Vocab_Project/workspace/Ep04_0091_0120/04_images/flashcards/bake.png,,主持人提到並舉例單字 bake,"[0:18:05.680000-->0:18:07.440000] 那我們就來利用自 | [0:18:07.440000-->0:18:09.040000] 根延伸法啦。 | [0:18:09.280000-->0:18:09.320000] 首先 | [0:18:09.320000-->0:18:10.880000] 是動詞Bake, | [0:18:11-->0:18:11.840000] 烘烤 | [0:18:11.840000-->0:18:13.400000] Shewantstobakeadelicious | [0:18:13.400000-->0:18:14.380000] chocolatecake。 | [0:18:14.880000-->0:18:15.260000] 她想烤 | [0:18:15.260000-->0:18:16.920000] 一個美味的巧克力蛋糕。"
35,1097,1113,FLASHCARD,bakery,C:/Project/CAP_2000_Vocab_Project/workspace/Ep04_0091_0120/04_images/flashcards/bakery.png,,主持人從 bake 延伸解釋單字 bakery,"[0:18:17.420000-->0:18:19.100000] 想自己烤的話用Bake | [0:18:19.100000-->0:18:19.440000] 對。 | [0:18:19.880000-->0:18:21.320000] 但如果你不想自己烤 | [0:18:21.320000-->0:18:23.440000] 你可以加上代表地點的字尾 | [0:18:23.440000-->0:18:25.440000] ERR或是花Y | [0:18:25.440000-->0:18:26.740000] 變成Bakery, | [0:18:26.920000-->0:18:27.400000] 名詞 | [0:18:27.400000-->0:18:29.160000] 麵包店或烘焙房。 | [0:18:29.360000-->0:18:30.560000] Iboughtfreshbreadat | [0:18:30.560000-->0:18:31.020000] thebakery。 | [0:18:31.500000-->0:18:33.200000] 麵包店買了新鮮麵包。"
36,1113,1137,FLASHCARD,barbecue,C:/Project/CAP_2000_Vocab_Project/workspace/Ep04_0091_0120/04_images/flashcards/barbecue.png,,主持人提到並解釋單字 barbecue (BBQ) 的來源,"[0:18:33.800000-->0:18:35.640000] 這跟我們一開始講的加上 | [0:18:35.640000-->0:18:37.580000] ANT變成執行動作 | [0:18:37.580000-->0:18:39.820000] 的人有異曲同工之妙耶 | [0:18:39.820000-->0:18:41.700000] 加上Y就變成了 | [0:18:41.700000-->0:18:43.480000] 做這個動作的場所了。 | [0:18:43.680000-->0:18:43.860000] 沒錯。 | [0:18:44.320000-->0:18:45.540000] 不過週末最讓 | [0:18:45.540000-->0:18:47.200000] 人興奮的戶外活動 | [0:18:47.200000-->0:18:48.940000] 絕對是BBQ, | [0:18:49.060000-->0:18:49.520000] 名詞 | [0:18:49.520000-->0:18:50.860000] 烤肉燒烤。 | [0:18:51.020000-->0:18:51.620000] Let'shavea | [0:18:51.620000-->0:18:52.720000] BBQthisweekend。 | [0:18:53.120000-->0:18:53.720000] 我們這週末來 | [0:18:53.720000-->0:18:54.460000] 烤肉吧。 | [0:18:54.580000-->0:18:55.680000] 做BBQ | [0:18:55.680000-->0:18:57.440000] 我聽說它的來源"
37,1137,1175,FLASHCARD,balcony,C:/Project/CAP_2000_Vocab_Project/workspace/Ep04_0091_0120/04_images/flashcards/balcony.png,,主持人提到並解釋單字 balcony 的來源,"[0:18:57.440000-->0:18:59.280000] 好像也很有故事對不對? | [0:18:59.720000-->0:18:59.940000] 對啊。 | [0:19:00.280000-->0:19:01.560000] 它其實源自於 | [0:19:01.560000-->0:19:03.360000] 加勒比海原自名的語言 | [0:19:03.360000-->0:19:04.640000] Barbacoa。 | [0:19:04.820000-->0:19:05.680000] 原本指的是 | [0:19:05.680000-->0:19:07.540000] 一種用木頭搭建起來 | [0:19:07.540000-->0:19:09.620000] 用來把肉架在火上 | [0:19:09.620000-->0:19:11.460000] 烤的木製支架。 | [0:19:11.720000-->0:19:13.620000] 後來這個詞隨著杭凱加傳 | [0:19:13.620000-->0:19:14.440000] 回歐洲, | [0:19:14.640000-->0:19:15.780000] 就變成了我們今天 | [0:19:15.780000-->0:19:17.720000] 熟悉的烤肉活動了。 | [0:19:17.900000-->0:19:18.280000] 哇。 | [0:19:18.580000-->0:19:19.640000] 所以我們現在說 | [0:19:19.640000-->0:19:22.800000] BBQ其實是在像幾百年前的 | [0:19:22.800000-->0:19:24.160000] 木製烤肉架致敬。 | [0:19:24.540000-->0:19:26.100000] 可以這麼說喔。 | [0:19:26.320000-->0:19:27.580000] 那吃飽喝足之後 | [0:19:27.580000-->0:19:29.220000] 週末晚上回到家, | [0:19:29.580000-->0:19:29.940000] 我其實 | [0:19:29.940000-->0:19:31.800000] 最喜歡待在一個半戶外的 | [0:19:31.800000-->0:19:32.720000] 空間放空。 | [0:19:33.140000-->0:19:34.100000] 那就是Balcony | [0:19:34.100000-->0:19:34.780000] 名詞, | [0:19:34.980000-->0:19:35.720000] 陽台。"
38,1175,1215,AI,,,"A person relaxing on a balcony at twilight, looking thoughtfully at the city lights, recalling the day's language discoveries in glowing thought bubbles, aspect ratio 16:9, cinematic wide shot",主持人開始總結與回顧,"[0:19:36.240000-->0:19:37.700000] Theapartmenthasasmall | [0:19:37.700000-->0:19:38.560000] Balcony。 | [0:19:38.780000-->0:19:39.700000] 這公寓有個小 | [0:19:39.700000-->0:19:40.160000] 陽台。 | [0:19:40.420000-->0:19:41.660000] Balcony這個字 | [0:19:41.660000-->0:19:43.660000] 也是源自於義大利文喔。 | [0:19:43.740000-->0:19:45.980000] 原本指的是建築物上搭建 | [0:19:45.980000-->0:19:47.820000] 出來的大型看台或 | [0:19:47.820000-->0:19:48.740000] 露台。 | [0:19:48.940000-->0:19:50.660000] 坐在Balcony陽台上 | [0:19:50.660000-->0:19:51.860000] 看著外面的風景 | [0:19:51.860000-->0:19:53.420000] 作為一天的解說, | [0:19:53.660000-->0:19:54.060000] 是非常 | [0:19:54.060000-->0:19:55.440000] 有畫面感的。 | [0:19:55.560000-->0:19:55.740000] 沒錯。 | [0:19:56.280000-->0:19:57.840000] 坐在Balcony吹著晚風 | [0:19:57.840000-->0:20:00.260000] 回顧我們今天這場單字的深度 | [0:20:00.260000-->0:20:01.040000] 探索, | [0:20:01.340000-->0:20:01.940000] 真的有一種 | [0:20:03.020000-->0:20:03.980000] 任督而脈 | [0:20:03.980000-->0:20:05.060000] 被打通的感覺。 | [0:20:05.640000-->0:20:06.020000] 我們今天 | [0:20:06.020000-->0:20:07.760000] 不僅僅是看了三十個單字 | [0:20:07.760000-->0:20:10.160000] 我們根本是解開了人類大腦運作 | [0:20:10.160000-->0:20:10.940000] 的密碼吧。 | [0:20:11.160000-->0:20:12.120000] 確實如此。 | [0:20:12.420000-->0:20:13.820000] 那我們快速幫大家 | [0:20:13.820000-->0:20:15.660000] 收斂一下今天的核心動潮。"
39,1215,1252,AI,,,"An animated infographic summarizing the key takeaways: a word transforming into a person (assistant), a human body as a compass (back), and a word splitting into two meanings (bank), aspect ratio 16:9, cinematic wide shot",主持人回顧本集的三大核心重點,"[0:20:15.660000-->0:20:16.420000] 第一, | [0:20:16.800000-->0:20:17.880000] 英文重管了 | [0:20:17.880000-->0:20:19.360000] 模組化的標籤, | [0:20:19.600000-->0:20:19.800000] 比如 | [0:20:19.800000-->0:20:20.940000] 字為ant, | [0:20:21.360000-->0:20:22.120000] 可以把動作 | [0:20:22.120000-->0:20:23] 變成了人, | [0:20:23.180000-->0:20:24.340000] 就像assistant。 | [0:20:24.780000-->0:20:25.440000] 第二呢, | [0:20:25.580000-->0:20:25.880000] 語言 | [0:20:25.880000-->0:20:27.100000] 是人體的延伸, | [0:20:27.500000-->0:20:27.840000] 我們用 | [0:20:27.840000-->0:20:29.860000] 我們的身體當做指南針 | [0:20:29.860000-->0:20:31.080000] 來定義空間, | [0:20:31.340000-->0:20:31.660000] 比如 | [0:20:31.660000-->0:20:32.120000] back, | [0:20:32.400000-->0:20:32.940000] 背部, | [0:20:33.120000-->0:20:33.920000] 演變成了 | [0:20:33.920000-->0:20:35.420000] 倒退跟回來的意思。 | [0:20:35.780000-->0:20:35.980000] 對, | [0:20:36.300000-->0:20:36.980000] 還有第三, | [0:20:37.100000-->0:20:37.920000] 也是最震撼 | [0:20:37.920000-->0:20:38.340000] 的一點, | [0:20:38.800000-->0:20:40.160000] 那些看似很不講 | [0:20:40.160000-->0:20:41.280000] 力的一字多義, | [0:20:41.400000-->0:20:41.680000] 其實 | [0:20:41.680000-->0:20:43.800000] 都源自於同一個古老的 | [0:20:43.800000-->0:20:44.840000] 核心概念。 | [0:20:45.100000-->0:20:46.440000] 掌凳變成了銀行 | [0:20:46.440000-->0:20:47.220000] 跟核案, | [0:20:47.440000-->0:20:48.100000] 也就是bank, | [0:20:48.540000-->0:20:50.240000] 而捆綁的動作變成了 | [0:20:50.240000-->0:20:51.360000] 橡皮筋跟樂團, | [0:20:51.580000-->0:20:52.300000] 也就是band。"
40,1252,1349,AI,,,"A split screen showing a dog barking and the bark of a tree, with a large glowing question mark between them, teasing the next episode's theme, aspect ratio 16:9, cinematic wide shot",主持人提出思考題並預告下次節目內容,"[0:20:52.640000-->0:20:54.640000] 當你看透了這些規律啊, | [0:20:54.800000-->0:20:57.040000] 背單字就不再是死記應背了, | [0:20:57.100000-->0:20:58.380000] 而是在欣賞一場 | [0:20:58.380000-->0:21:00.780000] 跨越千年的文化演變史。 | [0:21:01.280000-->0:21:02.420000] 你在這個過程中 | [0:21:02.420000-->0:21:03.760000] 付出的attention, | [0:21:03.920000-->0:21:04.220000] 絕對 | [0:21:04.220000-->0:21:06.060000] 會為你帶來豐厚的回報。 | [0:21:06.400000-->0:21:06.740000] 真的, | [0:21:07.140000-->0:21:08.260000] 所以聽眾朋友們, | [0:21:08.260000-->0:21:10.360000] 不管你現在是準備要下公車了, | [0:21:10.480000-->0:21:11.980000] 還是剛剛跑完五公里, | [0:21:11.980000-->0:21:14.100000] 請給你自己一個大大的掌聲, | [0:21:14.340000-->0:21:15.840000] 因為你剛剛不廢吹灰之力, | [0:21:15.980000-->0:21:18.460000] 就把這些隱藏的知識內化到大腦裡了。 | [0:21:18.940000-->0:21:19.300000] 沒錯, | [0:21:19.520000-->0:21:20.460000] 超棒的。 | [0:21:20.660000-->0:21:22.360000] 那在我們今天節目結束之前, | [0:21:22.660000-->0:21:24.780000] 我要留一個有趣的思考題給你。 | [0:21:24.960000-->0:21:25.300000] 喔, | [0:21:25.340000-->0:21:26.200000] 是什麼問題? | [0:21:26.460000-->0:21:28.040000] 剛才我們聊了bank | [0:21:28.040000-->0:21:30.420000] 跟band的雙重身份碼。 | [0:21:30.780000-->0:21:31.240000] 下次, | [0:21:31.400000-->0:21:32.560000] 當你在生活中 | [0:21:32.560000-->0:21:34.440000] 看到bark這個字的時候, | [0:21:34.780000-->0:21:36.020000] B-A-R-K, | [0:21:36.120000-->0:21:38.520000] 它既可以是一棵樹的樹皮, | [0:21:38.900000-->0:21:40.300000] 也可以是小狗的 | [0:21:40.300000-->0:21:41.160000] 鳴叫聲。 | [0:21:42.020000-->0:21:43.560000] 這個字很有意思耶。 | [0:21:43.760000-->0:21:43.960000] 對吧, | [0:21:44.420000-->0:21:45.620000] 所以不妨在心裡 | [0:21:45.620000-->0:21:46.600000] 問問你自己, | [0:21:47-->0:21:47.980000] 這兩者之間 | [0:21:47.980000-->0:21:49.700000] 會不會也有藏著某種 | [0:21:49.700000-->0:21:52.120000] 我們還沒發現的神奇連結呢? | [0:21:52.560000-->0:21:54.740000] 是聲音像樹皮剝落的 | [0:21:54.740000-->0:21:55.380000] 聲音嗎? | [0:21:55.680000-->0:21:57.120000] 還是有其他的秘密? | [0:21:57.520000-->0:22:00.660000] 保持這種看透事物表象的好奇心, | [0:22:00.920000-->0:22:02.020000] 你會發現世界 | [0:22:02.020000-->0:22:03.120000] 超級好玩的。 | [0:22:03.540000-->0:22:04.020000] 真的, | [0:22:04.320000-->0:22:06.300000] 帶著這份對世界的好奇心 | [0:22:06.300000-->0:22:07.520000] 去探索的語言, | [0:22:07.520000-->0:22:09.680000] 你會發現每個單字背後 | [0:22:09.680000-->0:22:12.140000] 都有一個等著你發掘的宇宙喔。 | [0:22:12.280000-->0:22:12.460000] 沒錯, | [0:22:13-->0:22:13.920000] 感謝你今天 | [0:22:13.920000-->0:22:15.820000] 加入我們的深度探索, | [0:22:16.060000-->0:22:17.360000] 我們非常享受這段 | [0:22:17.360000-->0:22:19.920000] 為你拆解語言矩陣的時光。 | [0:22:20.180000-->0:22:22.060000] 下次當你又有零碎時間, | [0:22:22.340000-->0:22:23.760000] 想要輕鬆獲得一些 | [0:22:23.760000-->0:22:25.780000] 讓人大開眼界的知識時, | [0:22:26.180000-->0:22:27.100000] 記得回來找我們。 | [0:22:27.340000-->0:22:28.140000] 我們下次見。 | [0:22:28.440000-->0:22:29.120000] 下次見囉,"
41,1349,1369,AI,,,"The two podcast hosts smiling and waving goodbye to the camera in their studio, with a warm and inviting atmosphere, aspect ratio 16:9, cinematic wide shot",結尾與道別,[0:22:29.240000-->0:22:29.460000] 掰掰。
